"Designator","Footprint","Mid X","Mid Y","Ref X","Ref Y","Pad X","Pad Y","Layer","Rotation","Comment"
""
"J7","68715014022","3558.453mil","7.76mil","3534.478mil","22.92mil","3519.478mil","-474.52mil","B","270.00","68715014022"
"D15","SOD-323","2588.951mil","19.59mil","2588.951mil","19.59mil","2547.416mil","19.59mil","T","270.00","1N4148WS"
"R132","0402","3010.787mil","824.817mil","3010.787mil","824.817mil","2991.889mil","824.817mil","B","360.00","0R"
"D5","SOT-23s","1940.329mil","-582.999mil","1940.329mil","-582.999mil","1902.927mil","-545.597mil","T","0.00","TPD2E009DBZR"
"C32","0402","1443.329mil","-297.998mil","1443.329mil","-297.998mil","1443.329mil","-279.101mil","T","270.00","1u"
"C28","0402","1151.329mil","-75.998mil","1151.329mil","-75.998mil","1132.431mil","-75.998mil","T","360.00","1u"
"C72","0402","2884.329mil","-686.998mil","2884.329mil","-686.998mil","2884.329mil","-705.896mil","T","90.00","100n"
"R119","0402","2584.329mil","-122.998mil","2584.329mil","-122.998mil","2584.329mil","-104.101mil","T","270.00","100k"
"IC17","SOT23-5","2676.43mil","-81.52mil","2676.43mil","-81.52mil","2721.706mil","-118.922mil","T","180.00","AT24CS01-STUM-T"
"C36","0402","2547.031mil","-122.827mil","2547.031mil","-122.827mil","2547.031mil","-141.725mil","T","90.00","100n"
"USER","LED0603","3478.329mil","352.002mil","3478.329mil","352.002mil","3478.329mil","379.502mil","T","270.00","APT1608SGC"
"T5","SC70-3","3629.329mil","159.002mil","3629.329mil","159.002mil","3591.927mil","184.592mil","T","360.00","BSS138PW,115"
"R113","0402","3642.329mil","81.002mil","3642.329mil","81.002mil","3661.226mil","81.002mil","T","180.00","100k"
"R112","0402","1376.329mil","169.002mil","1376.329mil","169.002mil","1376.329mil","150.104mil","T","90.00","10k"
"R111","0402","3424.329mil","380.002mil","3424.329mil","380.002mil","3424.329mil","361.104mil","T","90.00","470R"
"R77","0402","1612.329mil","-57.998mil","1612.329mil","-57.998mil","1612.329mil","-76.896mil","T","90.00","100k"
"R95","0402","3236.329mil","-718.998mil","3236.329mil","-718.998mil","3217.431mil","-718.998mil","T","360.00","10k"
"FAN","molex_2223-2021","3389.399mil","-485.195mil","3389.399mil","-485.195mil","3339.399mil","-485.195mil","T","0.00","MX-22-23-2021"
"D17","SOD-323","2519.329mil","-877.999mil","2519.329mil","-877.998mil","2519.329mil","-836.463mil","T","180.00","1N4148WS"
"R135","0402","3093.329mil","-578.998mil","3093.329mil","-578.998mil","3074.431mil","-578.998mil","T","360.00","53k6"
"R134","0402","3093.329mil","-537.998mil","3093.329mil","-537.998mil","3074.431mil","-537.998mil","T","360.00","243k"
"R128","0402","2523.455mil","-1042.439mil","2523.455mil","-1042.439mil","2523.455mil","-1061.337mil","T","90.00","220R"
"R116","0402","1336.329mil","169.002mil","1336.329mil","169.002mil","1336.329mil","187.899mil","T","270.00","10k"
"R115","0402","1296.329mil","169.002mil","1296.329mil","169.002mil","1296.329mil","187.899mil","T","270.00","10k"
"R114","0402","1414.329mil","171.002mil","1414.329mil","171.002mil","1414.329mil","189.899mil","T","270.00","10k"
"NVME","LED0603","2499.664mil","-1153.703mil","2499.664mil","-1153.703mil","2499.664mil","-1126.203mil","T","270.00","APT1608SGC"
"C47","0603","2871.329mil","-254.339mil","2871.329mil","-254.339mil","2871.329mil","-286.425mil","T","90.00","10u"
"C46","0402","2942.329mil","-305.998mil","2942.329mil","-305.998mil","2942.329mil","-324.896mil","T","90.00","100n"
"R110","0402","1736.329mil","-529.998mil","1736.329mil","-529.998mil","1736.329mil","-511.101mil","T","270.00","0R"
"R109","0402","1686.329mil","-529.998mil","1686.329mil","-529.998mil","1686.329mil","-511.101mil","T","270.00","0R"
"R108","0402","1540.329mil","-196.376mil","1540.329mil","-196.376mil","1540.329mil","-177.479mil","T","270.00","0R"
"R107","0402","1576.329mil","-195.998mil","1576.329mil","-195.998mil","1576.329mil","-177.101mil","T","270.00","0R"
"R106","0402","1526.329mil","-529.998mil","1526.329mil","-529.998mil","1526.329mil","-511.101mil","T","270.00","0R"
"R105","0402","1626.329mil","-196.998mil","1626.329mil","-196.998mil","1626.329mil","-178.101mil","T","270.00","0R"
"R104","0402","1489.329mil","-529.998mil","1489.329mil","-529.998mil","1489.329mil","-511.101mil","T","270.00","0R"
"R103","0402","1663.642mil","-196.571mil","1663.642mil","-196.571mil","1663.642mil","-177.673mil","T","270.00","0R"
"R102","0402","1381.329mil","-510.998mil","1381.329mil","-510.998mil","1381.329mil","-529.896mil","T","90.00","10k"
"R101","0402","2000.329mil","-299.998mil","2000.329mil","-299.998mil","2000.329mil","-318.896mil","T","90.00","100k"
"R100","0402","1914.329mil","-1085.998mil","1914.329mil","-1085.998mil","1933.226mil","-1085.998mil","T","180.00","100k"
"Q1","SOT-23","2097.329mil","-248.999mil","2097.329mil","-248.998mil","2059.927mil","-286.4mil","T","90.00","PMV32UP,215"
"BOOT","LED0603","2587.607mil","-1153.703mil","2587.607mil","-1153.703mil","2587.607mil","-1126.203mil","T","270.00","APT1608SGC"
"J3","WE_7499110124","179.14mil","-550.707mil","179.14mil","-550.707mil","404.14mil","-570.786mil","T","180.00","7499110124"
"T3","SC70-3","3232.329mil","-642.999mil","3232.329mil","-642.998mil","3206.738mil","-680.4mil","T","90.00","BSS138PW,115"
"J9","CON-Molex-047346-0001","2805.124mil","-1065.156mil","2805.124mil","-1062.518mil","2753.943mil","-1012.794mil","T","90.00","Molex 47346-0001"
"D1","PowerDI","282.329mil","452.49mil","282.329mil","374.49mil","245.329mil","530.49mil","T","90.00","PDS760-13"
"R52","0402","217.827mil","797.538mil","217.827mil","797.538mil","217.827mil","816.436mil","T","270.00","10k2"
"R48","0402","139.708mil","797.506mil","139.708mil","797.506mil","139.708mil","816.404mil","T","270.00","16k9"
"R46","0402","256.887mil","797.538mil","256.887mil","797.538mil","256.887mil","778.641mil","T","90.00","53k6"
"R45","0402","295.947mil","797.538mil","295.947mil","797.538mil","295.947mil","816.436mil","T","270.00","49R9"
"R44","0402","335.006mil","797.538mil","335.006mil","797.538mil","335.006mil","778.641mil","T","90.00","243k"
"R40","0402","600.329mil","-209.998mil","600.329mil","-209.998mil","600.329mil","-228.896mil","T","90.00","220R"
"R38","0402","556.329mil","-209.998mil","556.329mil","-209.998mil","556.329mil","-228.896mil","T","90.00","220R"
"L1","WE_7447798720","-2.764mil","362.1mil","-2.764mil","362.1mil","-2.764mil","523.518mil","T","270.00","7447798720"
"IC3","WSON-10_4x4","234.737mil","670.577mil","234.737mil","670.577mil","313.477mil","607.584mil","T","270.00","TPS54561QDPRRQ1"
"C64","0402","178.768mil","797.538mil","178.768mil","797.538mil","178.768mil","816.436mil","T","270.00","47p"
"C25","0402","135.079mil","873.451mil","135.079mil","873.451mil","135.079mil","892.348mil","T","270.00","4n7"
"C24","0402","391.329mil","713.002mil","391.329mil","713.002mil","372.431mil","713.002mil","T","360.00","10n"
"C23","1206","406.329mil","590.002mil","406.329mil","590.002mil","406.329mil","527.01mil","T","90.00","2u2"
"C22","1206","254.582mil","885.069mil","254.582mil","885.069mil","191.59mil","885.069mil","T","360.00","2u2"
"C21","1206","403.219mil","835.388mil","403.219mil","835.388mil","403.219mil","898.38mil","T","270.00","2u2"
"C19","0402","33.329mil","608.002mil","33.329mil","608.002mil","52.226mil","608.002mil","T","180.00","100n"
"C18","0805","322.673mil","191.544mil","322.673mil","191.544mil","322.673mil","225.993mil","T","270.00","47u"
"C17","0805","242.388mil","191.544mil","242.388mil","191.544mil","242.388mil","225.993mil","T","270.00","47u"
"IC8","SOT23-5N","3470.329mil","568.002mil","3470.329mil","568.002mil","3425.053mil","605.403mil","T","360.00","LM3671MF-3.3"
"D3","SOT-23s","2798.895mil","-839.101mil","2798.895mil","-839.1mil","2761.494mil","-876.502mil","T","90.00","TPD2E009DBZR"
"C56","0603","3621.329mil","456.002mil","3621.329mil","456.002mil","3653.415mil","456.002mil","T","180.00","10u"
"C55","0402","3373.329mil","587.002mil","3373.329mil","587.002mil","3373.329mil","568.104mil","T","90.00","4u7"
"C13","0402","587.329mil","-664.998mil","587.329mil","-664.998mil","587.329mil","-683.896mil","T","90.00","10n"
"J4","DC_SOCKET_PJ-002AH","3582.644mil","-791.809mil","3490.124mil","-1213.069mil","3490.124mil","-673.699mil","T","90.00","PJ-002AH"
"R43","0402","1432.329mil","-973.998mil","1432.329mil","-973.998mil","1432.329mil","-992.896mil","T","90.00","470R"
"RST","TL3340AF160QG","3619.727mil","-294.522mil","3622.68mil","-294.522mil","3575.436mil","-342.75mil","T","270.00","TL3340AF160QG"
"REC","TL3340AF160QG","3619.727mil","-553.463mil","3622.68mil","-553.463mil","3575.436mil","-601.691mil","T","270.00","TL3340AF160QG"
"R94","0402","1151.329mil","185.002mil","1151.329mil","185.002mil","1132.431mil","185.002mil","T","360.00","10k"
"R93","0402","1850.329mil","-49.998mil","1850.329mil","-49.998mil","1831.431mil","-49.998mil","T","360.00","10k"
"R90","0402","3425.329mil","456.002mil","3425.329mil","456.002mil","3425.329mil","474.899mil","T","270.00","10k"
"R88","0402","1393.079mil","-642.998mil","1393.079mil","-642.998mil","1393.079mil","-624.101mil","T","270.00","2k"
"R86","0402","2253.329mil","54.252mil","2253.329mil","54.252mil","2234.431mil","54.252mil","T","360.00","200k"
"R85","0402","2235.329mil","-43.998mil","2235.329mil","-43.998mil","2235.329mil","-25.101mil","T","270.00","470k"
"R84","0402","2253.329mil","132.752mil","2253.329mil","132.752mil","2234.431mil","132.752mil","T","360.00","200k"
"R83","0402","635.329mil","-663.998mil","635.329mil","-663.998mil","635.329mil","-682.896mil","T","90.00","2k"
"R82","0402","702.329mil","-744.998mil","702.329mil","-744.998mil","721.226mil","-744.998mil","T","180.00","0R"
"R81","0402","772.329mil","-661.998mil","772.329mil","-661.998mil","772.329mil","-680.896mil","T","90.00","2k"
"R80","0402","1840.329mil","306.002mil","1840.329mil","306.002mil","1840.329mil","324.899mil","T","270.00","0R"
"R78","0402","1840.329mil","382.002mil","1840.329mil","382.002mil","1840.329mil","363.104mil","T","90.00","0R"
"L10","0603","2481.329mil","-465.998mil","2481.329mil","-465.998mil","2481.329mil","-433.912mil","T","270.00","BLM18SG121TN1D"
"L9","0603","842.329mil","-646.998mil","842.329mil","-646.998mil","842.329mil","-614.912mil","T","270.00","BLM18SG121TN1D"
"L8","0603","742.329mil","-1160.998mil","742.329mil","-1160.998mil","710.242mil","-1160.998mil","T","0.00","BLM18SG121TN1D"
"IC15","SC70-5","2644.919mil","-848.691mil","2619.329mil","-891.998mil","2619.329mil","-891.998mil","T","90.00","TLV70018DCKT"
"IC13","R-PDSO-G5","1935.329mil","81.002mil","1935.329mil","81.002mil","1960.919mil","118.403mil","T","270.00","SN74LVC1G126DCKR"
"IC12","TSSOP-14","2102.329mil","39.002mil","2102.329mil","39.002mil","2179.1mil","151.206mil","T","270.00","74HC00PW,118"
"IC11","SC70-5","1908.919mil","-841.691mil","1883.329mil","-884.998mil","1883.329mil","-884.998mil","T","90.00","SN74LV1T125DCKR"
"F1","Fuse-1206","642.365mil","58.866mil","579.373mil","58.866mil","579.373mil","58.866mil","T","360.00","Value"
"D13","SOD-323","2295.329mil","-75.998mil","2295.329mil","-75.998mil","2295.329mil","-117.534mil","T","360.00","1N4148WS"
"D12","SOT-23s","1910.329mil","-985.999mil","1910.329mil","-985.998mil","1947.73mil","-1023.4mil","T","180.00","TPD2E009DBZR"
"D11","SOT-23s","878.329mil","-791.999mil","878.329mil","-791.998mil","840.927mil","-829.4mil","T","90.00","TPD2E009DBZR"
"D10","SOT-23s","1385.329mil","-1081.998mil","1385.329mil","-1081.998mil","1347.927mil","-1044.597mil","T","360.00","TPD2E009DBZR"
"C63","0603","2149.329mil","-149.998mil","2149.329mil","-149.998mil","2181.415mil","-149.998mil","T","180.00","10u"
"R67","0402","1897.283mil","-467.669mil","1897.283mil","-467.669mil","1878.385mil","-467.669mil","T","360.00","200k"
"R65","0402","1870.329mil","-195.998mil","1870.329mil","-195.998mil","1870.329mil","-177.101mil","T","270.00","0R"
"R63","0402","1750.37mil","-196.376mil","1750.37mil","-196.376mil","1750.37mil","-215.274mil","T","90.00","0R"
"LED1","LED0603","1391.663mil","-1184.1mil","1391.663mil","-1184.1mil","1419.163mil","-1184.1mil","T","180.00","APT1608SGC"
"L2","0603","1387.329mil","-410.998mil","1387.329mil","-410.998mil","1387.329mil","-443.085mil","T","90.00","BLM18EG221SN1D"
"IC7","RNH0030A","1686.761mil","-361.632mil","1686.761mil","-361.731mil","1757.628mil","-313.306mil","T","270.00","HD3SS3220"
"D7","TPD4E05U06_PASS","1765.502mil","-668.817mil","1765.502mil","-668.817mil","1804.872mil","-653.66mil","T","180.00","TPD4E05U06"
"D6","TPD4E05U06_PASS","1548.966mil","-668.817mil","1548.966mil","-668.817mil","1509.596mil","-653.66mil","T","0.00","TPD4E05U06"
"C34","0805","1962.329mil","-219.998mil","1962.329mil","-219.998mil","1927.88mil","-219.998mil","T","360.00","47u"
"C33","0402","1494.329mil","-295.998mil","1494.329mil","-295.998mil","1494.329mil","-277.101mil","T","270.00","100n"
"J2","2129320-3","2214.636mil","-913.856mil","2214.636mil","-913.856mil","2108.337mil","-906.966mil","T","0.00","2129320-3"
"R70","0402","1875.659mil","-387.113mil","1875.659mil","-387.113mil","1894.557mil","-387.113mil","T","180.00","2k"
"R69","0402","1953.454mil","-407.514mil","1953.454mil","-407.514mil","1953.454mil","-388.616mil","T","270.00","2k"
"R62","0402","1875.738mil","-313.703mil","1875.738mil","-313.703mil","1894.635mil","-313.703mil","T","180.00","0R"
"R56","0402","1512.329mil","-352.998mil","1512.329mil","-352.998mil","1493.431mil","-352.998mil","T","360.00","0R"
"R55","0402","1876.329mil","-276.998mil","1876.329mil","-276.998mil","1895.226mil","-276.998mil","T","180.00","2k"
"R53","0402","1533.329mil","-295.998mil","1533.329mil","-295.998mil","1533.329mil","-314.896mil","T","90.00","200k"
"IC6","MSOP-8","1371.329mil","-805.998mil","1371.329mil","-805.998mil","1409.715mil","-722.337mil","T","270.00","PCA9517ADP,118"
"IC5","QFN-32","2731.329mil","-638.999mil","2731.329mil","-638.998mil","2633.888mil","-570.101mil","T","360.00","FT232RQ"
"C35","0603","1737.943mil","-117.636mil","1737.943mil","-117.636mil","1770.029mil","-117.636mil","T","180.00","10u"
"C31","1206","1302.091mil","-447.887mil","1302.091mil","-447.887mil","1302.091mil","-510.879mil","T","90.00","100u"
"J6","68715014522","1769.103mil","764.606mil","1753.943mil","740.631mil","1286.823mil","725.631mil","B","360.00","68715014522"
"J5","CON-Molex-047346-0001","328.746mil","-1092.715mil","328.746mil","-1090.077mil","379.927mil","-1040.353mil","B","90.00","Molex 47346-0001"
"C3","0402","2508.329mil","-737.998mil","2508.329mil","-737.998mil","2527.226mil","-737.998mil","T","180.00","4u7"
"C4","0402","2508.329mil","-692.998mil","2508.329mil","-692.998mil","2527.226mil","-692.998mil","T","180.00","4u7"
"C5","0402","1908.329mil","-753.998mil","1908.329mil","-753.998mil","1927.226mil","-753.998mil","T","180.00","100n"
"C10","Kemet_B","688.846mil","355.677mil","627.232mil","355.677mil","627.232mil","355.677mil","T","360.00","CPol"
"C11","Kemet_B","741.896mil","191.109mil","680.282mil","191.109mil","680.282mil","191.109mil","T","360.00","CPol"
"C26","0402","1433.329mil","-642.998mil","1433.329mil","-642.998mil","1433.329mil","-661.896mil","T","90.00","100n"
"C27","0402","1267.329mil","-834.998mil","1267.329mil","-834.998mil","1267.329mil","-853.896mil","T","90.00","100n"
"C41","0402","2253.329mil","172.002mil","2253.329mil","172.002mil","2272.226mil","172.002mil","T","180.00","47n"
"D2","SOD-323","2466.329mil","-589.999mil","2466.329mil","-589.998mil","2466.329mil","-548.463mil","T","180.00","1N4148WS"
"D4","SOD-323","779.329mil","-797.999mil","779.329mil","-797.998mil","779.329mil","-756.463mil","T","180.00","1N4148WS"
"IC1","VQFN-24","1393.124mil","8.635mil","1393.124mil","8.636mil","1343.912mil","-66.168mil","T","180.00","TCA9548ARGER"
"IC2","SON-15","2249.753mil","-570.392mil","2249.753mil","-570.392mil","2141.486mil","-606.809mil","T","180.00","TPD8S009"
"IC4","SC70-5","1150.738mil","10.694mil","1176.329mil","54.002mil","1176.329mil","54.002mil","T","270.00","TLV70018DCKT"
"IC18","SON-15","1092.273mil","-645.195mil","1092.273mil","-645.195mil","1200.541mil","-608.778mil","T","360.00","TPD8S009"
"J11","WE_632723100011","1655.578mil","-917.99mil","1655.581mil","-988.659mil","1547.31mil","-766.809mil","T","0.00","632723100011"
"L3","0603","2665.329mil","-946.998mil","2665.329mil","-946.998mil","2697.415mil","-946.998mil","T","180.00","BLM18EG221SN1D"
"R1","0402","1214.32mil","-794.802mil","1214.32mil","-794.802mil","1214.32mil","-775.904mil","T","270.00","5R6"
"R2","0402","1178.887mil","-794.802mil","1178.887mil","-794.802mil","1178.887mil","-775.904mil","T","270.00","5R6"
"R3","0402","1143.454mil","-794.802mil","1143.454mil","-794.802mil","1143.454mil","-775.904mil","T","270.00","5R6"
"R4","0402","1108.021mil","-794.802mil","1108.021mil","-794.802mil","1108.021mil","-775.904mil","T","270.00","5R6"
"R5","0402","1392.329mil","-973.998mil","1392.329mil","-973.998mil","1392.329mil","-955.101mil","T","270.00","2k"
"R6","0402","1336.329mil","-973.998mil","1336.329mil","-973.998mil","1336.329mil","-955.101mil","T","270.00","2k"
"R7","0402","1072.588mil","-794.802mil","1072.588mil","-794.802mil","1072.588mil","-775.904mil","T","270.00","5R6"
"R8","0402","1037.155mil","-794.802mil","1037.155mil","-794.802mil","1037.155mil","-775.904mil","T","270.00","5R6"
"R9","0402","1001.722mil","-794.802mil","1001.722mil","-794.802mil","1001.722mil","-775.904mil","T","270.00","5R6"
"R10","0402","966.289mil","-794.802mil","966.289mil","-794.802mil","966.289mil","-775.904mil","T","270.00","5R6"
"R11","0402","1352.829mil","-642.998mil","1352.829mil","-642.998mil","1352.829mil","-624.101mil","T","270.00","2k"
"R13","0402","1302.573mil","-148.845mil","1302.573mil","-148.845mil","1302.573mil","-167.742mil","T","90.00","0R"
"R14","0402","2563.612mil","-1042.833mil","2563.612mil","-1042.833mil","2563.612mil","-1061.731mil","T","90.00","470R"
"R15","0402","1341.943mil","-148.845mil","1341.943mil","-148.845mil","1341.943mil","-167.742mil","T","90.00","0R"
"R16","0402","2253.329mil","93.502mil","2253.329mil","93.502mil","2272.226mil","93.502mil","T","180.00","1k"
"R17","0402","1381.313mil","-148.845mil","1381.313mil","-148.845mil","1381.313mil","-167.742mil","T","90.00","0R"
"R18","0402","1799.929mil","382.002mil","1799.929mil","382.002mil","1799.929mil","363.104mil","T","90.00","2k"
"R19","0402","1460.053mil","-148.845mil","1460.053mil","-148.845mil","1460.053mil","-167.742mil","T","90.00","0R"
"R20","0402","2527.329mil","-577.998mil","2527.329mil","-577.998mil","2527.329mil","-559.101mil","T","270.00","22R"
"R21","0402","1420.683mil","-148.845mil","1420.683mil","-148.845mil","1420.683mil","-167.742mil","T","90.00","0R"
"R22","0402","1759.529mil","382.002mil","1759.529mil","382.002mil","1759.529mil","363.104mil","T","90.00","2k"
"R24","0402","1719.129mil","382.002mil","1719.129mil","382.002mil","1719.129mil","363.104mil","T","90.00","2k"
"R25","0402","1678.729mil","382.002mil","1678.729mil","382.002mil","1678.729mil","363.104mil","T","90.00","2k"
"R26","0402","2163.757mil","-390.422mil","2163.757mil","-390.422mil","2163.757mil","-409.32mil","T","90.00","100k"
"R27","0402","1678.729mil","306.002mil","1678.729mil","306.002mil","1678.729mil","324.899mil","T","270.00","2k"
"R28","0402","1719.329mil","306.002mil","1719.329mil","306.002mil","1719.329mil","324.899mil","T","270.00","2k"
"R29","0402","1799.911mil","306.002mil","1799.911mil","306.002mil","1799.911mil","324.899mil","T","270.00","2k"
"R30","0402","2051.185mil","-391.153mil","2051.185mil","-391.153mil","2051.185mil","-372.256mil","T","270.00","100k"
"R31","0402","1908.329mil","-711.25mil","1908.329mil","-711.25mil","1889.431mil","-711.25mil","T","360.00","1M"
"R32","0402","1908.329mil","-669.998mil","1908.329mil","-669.998mil","1889.431mil","-669.998mil","T","360.00","1M"
"R33","0402","1759.329mil","306.002mil","1759.329mil","306.002mil","1759.329mil","324.899mil","T","270.00","2k"
"R34","0402","1216.329mil","169.002mil","1216.329mil","169.002mil","1216.329mil","187.899mil","T","270.00","2k"
"R35","0402","1256.329mil","169.002mil","1256.329mil","169.002mil","1256.329mil","187.899mil","T","270.00","2k"
"R36","0402","2253.329mil","15.002mil","2253.329mil","15.002mil","2234.431mil","15.002mil","T","360.00","1k"
"R39","0402","1216.329mil","-7.998mil","1216.329mil","-7.998mil","1216.329mil","-26.896mil","T","90.00","0R"
"R41","0402","2572.329mil","-578.998mil","2572.329mil","-578.998mil","2572.329mil","-560.101mil","T","270.00","22R"
"R49","0402","1421.329mil","-510.998mil","1421.329mil","-510.998mil","1421.329mil","-529.896mil","T","90.00","0R"
"R50","0402","1224.329mil","-294.998mil","1224.329mil","-294.998mil","1224.329mil","-313.896mil","T","90.00","10k2"
"R51","0402","1710.383mil","-196.376mil","1710.383mil","-196.376mil","1710.383mil","-215.274mil","T","90.00","909k"
"R57","0402","1216.329mil","82.002mil","1216.329mil","82.002mil","1216.329mil","63.104mil","T","90.00","0R"
"R58","0402","1495.486mil","-148.845mil","1495.486mil","-148.845mil","1495.486mil","-167.742mil","T","90.00","0R"
"R59","0402","1659.329mil","28.002mil","1659.329mil","28.002mil","1659.329mil","46.899mil","T","270.00","0R"
"R60","0402","1256.329mil","82.002mil","1256.329mil","82.002mil","1256.329mil","63.104mil","T","90.00","0R"
"R61","0402","1610.329mil","28.002mil","1610.329mil","28.002mil","1610.329mil","46.899mil","T","270.00","0R"
"T1","SC70-3","707.329mil","-654.999mil","707.329mil","-654.998mil","681.738mil","-692.4mil","T","90.00","BSS138PW,115"
"SP1","M2.5-6mm","3535.423mil","786.931mil","3535.423mil","786.931mil","3535.423mil","786.931mil","B","180.00","9774060151"
"SP2","M2.5-6mm","3534.478mil","-1062.518mil","3534.478mil","-1062.518mil","3534.478mil","-1062.518mil","B","180.00","9774060151"
"SP3","M2.5-6mm","-17.711mil","787.876mil","-17.711mil","787.876mil","-17.711mil","787.876mil","B","180.00","9774060151"
"SP4","M2.5-6mm","-17.711mil","-1062.519mil","-17.711mil","-1062.519mil","-17.711mil","-1062.519mil","B","360.00","9774060151"
"SP5","M2.5-6mm","3163.455mil","-984.722mil","3163.455mil","-984.722mil","3163.455mil","-984.722mil","T","0.00","9774060151"
"SP6","M2.5-6mm","659.455mil","-984.722mil","659.455mil","-984.722mil","659.455mil","-984.722mil","T","0.00","9774060151"
"C57","0402","1771.329mil","-49.998mil","1771.329mil","-49.998mil","1790.226mil","-49.998mil","T","180.00","4u7"
"C59","0402","3092.329mil","-717.998mil","3092.329mil","-717.998mil","3073.431mil","-717.998mil","T","360.00","2u2"
"C60","0603","2972.329mil","-502.998mil","2972.329mil","-502.998mil","2940.242mil","-502.998mil","T","360.00","10u"
"IC9","SOT23-5N","1792.195mil","44.151mil","1792.195mil","44.151mil","1754.793mil","-1.124mil","T","90.00","LM3671MF-3.3"
"IC10","TPS62823","3108.329mil","-643.998mil","3108.329mil","-643.998mil","3137.856mil","-617.424mil","T","270.00","TPS62823DLCT"
"L6","LQH32PN2R2NN0L","1792.195mil","178.01mil","1792.195mil","178.01mil","1742.982mil","178.01mil","T","360.00","LQH32PN2R2NN0L"
"L7","0603","592.329mil","-1160.998mil","592.329mil","-1160.998mil","560.242mil","-1160.998mil","T","360.00","BLM18SG121TN1D"
"C62","0402","827.329mil","-497.998mil","827.329mil","-497.998mil","846.226mil","-497.998mil","T","180.00","4u7"
"D8","SOT-23s","578.329mil","-535.999mil","578.329mil","-535.998mil","615.73mil","-573.4mil","T","180.00","TPD2E009DBZR"
"D9","SOT-23s","715.329mil","-535.999mil","715.329mil","-535.998mil","752.73mil","-573.4mil","T","180.00","TPD2E009DBZR"
"R72","0402","661.329mil","-302.998mil","661.329mil","-302.998mil","680.226mil","-302.998mil","T","180.00","10k"
"R73","0402","580.329mil","-302.998mil","580.329mil","-302.998mil","599.226mil","-302.998mil","T","180.00","2k"
"R76","0402","3164.329mil","-763.998mil","3164.329mil","-763.998mil","3145.431mil","-763.998mil","T","360.00","10k"
"D14","SOD-323","3233.329mil","-528.998mil","3233.329mil","-528.998mil","3233.329mil","-570.534mil","T","180.00","1N4148WS"
"PWR","LED0603","3016.706mil","-1157.675mil","3016.706mil","-1157.675mil","3016.706mil","-1130.175mil","T","270.00","APT1608SGC"
"R97","0402","2981.329mil","-940.998mil","2981.329mil","-940.998mil","3000.226mil","-940.998mil","T","180.00","470R"
"R98","0402","1272.329mil","-642.998mil","1272.329mil","-642.998mil","1272.329mil","-661.896mil","T","90.00","0R"
"R99","0402","1312.579mil","-642.998mil","1312.579mil","-642.998mil","1312.579mil","-661.896mil","T","90.00","0R"
"C65","0402","1151.329mil","100.002mil","1151.329mil","100.002mil","1132.431mil","100.002mil","T","360.00","2u2"
"IC16","TSOP-6","1329.638mil","-276.412mil","1329.638mil","-276.412mil","1372.945mil","-313.814mil","T","180.00","NCP380HSNAJAAT1G"
"T4","SC70-3","2972.329mil","-868.999mil","2972.329mil","-868.998mil","3009.73mil","-894.589mil","T","180.00","BSS138PW,115"
"T2","SC70-3","2972.329mil","-770.999mil","2972.329mil","-770.998mil","3009.73mil","-796.589mil","T","180.00","BSS138PW,115"
"L4","LQH32PN2R2NN0L","3628.329mil","577.002mil","3628.329mil","577.002mil","3628.329mil","626.214mil","T","270.00","LQH32PN2R2NN0L"
"C1","0402","701.329mil","-823.998mil","701.329mil","-823.998mil","682.431mil","-823.998mil","T","360.00","4u7"
"C2","0402","701.329mil","-783.998mil","701.329mil","-783.998mil","682.431mil","-783.998mil","T","360.00","4u7"
"C9","0402","1256.329mil","-7.998mil","1256.329mil","-7.998mil","1256.329mil","-26.896mil","T","90.00","100n"
"C14","0805","595.329mil","-778.998mil","595.329mil","-778.998mil","595.329mil","-744.549mil","T","270.00","100p"
"C15","0402","2884.329mil","-873.998mil","2884.329mil","-873.998mil","2884.329mil","-855.101mil","T","270.00","47p"
"C16","0805","402.959mil","191.544mil","402.959mil","191.544mil","402.959mil","225.993mil","T","270.00","47u"
"C29","0402","2714.329mil","-873.998mil","2714.329mil","-873.998mil","2714.329mil","-855.101mil","T","270.00","47p"
"C30","0402","2884.329mil","-761.998mil","2884.329mil","-761.998mil","2884.329mil","-780.896mil","T","90.00","100n"
"C44","0402","2090.841mil","-390.422mil","2090.841mil","-390.422mil","2090.841mil","-371.525mil","T","270.00","100n"
"C48","0402","1586.375mil","-529.998mil","1586.375mil","-529.998mil","1586.375mil","-548.896mil","T","90.00","100n"
"C58","0603","1946.329mil","185.002mil","1946.329mil","185.002mil","1978.415mil","185.002mil","T","180.00","10u"
"C61","0402","3093.329mil","-497.998mil","3093.329mil","-497.998mil","3112.226mil","-497.998mil","T","180.00","100p"
"C66","0402","2581.329mil","-813.998mil","2581.329mil","-813.998mil","2581.329mil","-832.896mil","T","90.00","1u"
"C67","0402","2581.329mil","-885.998mil","2581.329mil","-885.998mil","2581.329mil","-867.101mil","T","270.00","2u2"
"C80","0402","957.64mil","-500.154mil","957.64mil","-500.154mil","957.64mil","-481.256mil","T","270.00","100n"
"C50","0402","1626.236mil","-529.998mil","1626.236mil","-529.998mil","1626.236mil","-548.896mil","T","90.00","100n"
"C53","0402","1785.682mil","-529.998mil","1785.682mil","-529.998mil","1785.682mil","-548.896mil","T","90.00","100n"
"C54","0402","1830.221mil","-529.998mil","1830.221mil","-529.998mil","1830.221mil","-548.896mil","T","90.00","100n"
"C6","0402","2341.334mil","-335.74mil","2341.334mil","-335.74mil","2341.334mil","-316.843mil","T","270.00","100n"
"C7","0402","2375.39mil","-335.74mil","2375.39mil","-335.74mil","2375.39mil","-316.843mil","T","270.00","100n"
"C8","0402","2410.613mil","-335.74mil","2410.613mil","-335.74mil","2410.613mil","-316.843mil","T","270.00","100n"
"C12","0402","2444.426mil","-335.74mil","2444.426mil","-335.74mil","2444.426mil","-316.843mil","T","270.00","100n"
"C39","0402","2204.114mil","-335.74mil","2204.114mil","-335.74mil","2204.114mil","-316.843mil","T","270.00","100n"
"C40","0402","2236.517mil","-335.74mil","2236.517mil","-335.74mil","2236.517mil","-316.843mil","T","270.00","100n"
"C42","0402","2272.76mil","-335.74mil","2272.76mil","-335.74mil","2272.76mil","-316.843mil","T","270.00","100n"
"C43","0402","2306.327mil","-335.74mil","2306.327mil","-335.74mil","2306.327mil","-316.843mil","T","270.00","100n"
"C45","0402","2124.467mil","-390.605mil","2124.467mil","-390.605mil","2124.467mil","-371.707mil","T","270.00","100n"
"C73","0402","1221.485mil","-500.154mil","1221.485mil","-500.154mil","1221.485mil","-481.256mil","T","270.00","100n"
"C74","0402","1185.507mil","-500.154mil","1185.507mil","-500.154mil","1185.507mil","-481.256mil","T","270.00","100n"
"C75","0402","1145.529mil","-500.154mil","1145.529mil","-500.154mil","1145.529mil","-481.256mil","T","270.00","100n"
"C76","0402","1069.573mil","-500.154mil","1069.573mil","-500.154mil","1069.573mil","-481.256mil","T","270.00","100n"
"C77","0402","1109.551mil","-500.154mil","1109.551mil","-500.154mil","1109.551mil","-481.256mil","T","270.00","100n"
"C78","0402","993.618mil","-500.154mil","993.618mil","-500.154mil","993.618mil","-481.256mil","T","270.00","100n"
"C79","0402","1033.595mil","-500.154mil","1033.595mil","-500.154mil","1033.595mil","-481.256mil","T","270.00","100n"
"C70","0402","3391.614mil","-279.668mil","3391.614mil","-279.668mil","3372.717mil","-279.668mil","B","360.00","100n"
"C69","0402","3391.614mil","-245.281mil","3391.614mil","-245.281mil","3372.717mil","-245.281mil","B","360.00","100n"
"C68","0402","3391.614mil","-164.735mil","3391.614mil","-164.735mil","3372.717mil","-164.735mil","B","360.00","100n"
"C52","0402","3391.614mil","-130.347mil","3391.614mil","-130.347mil","3372.717mil","-130.347mil","B","360.00","100n"
"C51","0402","3391.614mil","-44.015mil","3391.614mil","-44.015mil","3372.717mil","-44.015mil","B","360.00","100n"
"C49","0402","3391.614mil","-9.628mil","3391.614mil","-9.628mil","3372.717mil","-9.628mil","B","360.00","100n"
"C38","0402","3391.614mil","74.863mil","3391.614mil","74.863mil","3372.717mil","74.863mil","B","360.00","100n"
"C37","0402","3391.614mil","108.976mil","3391.614mil","108.976mil","3372.717mil","108.976mil","B","360.00","100n"
"L5","IHLP-1212AE","2981.329mil","-615.998mil","2981.329mil","-615.998mil","2981.329mil","-658.498mil","T","90.00","IHLP1212AEERR47M11"
"USR","TL3340AF160QG","3619.715mil","316.143mil","3622.667mil","316.143mil","3575.423mil","267.915mil","T","270.00","TL3340AF160QG"
"BAT1","MS621FE-FL11E","507.329mil","-38.998mil","507.329mil","-38.998mil","507.329mil","-68.526mil","T","180.00","MS621FE-FL11E"
"J1","WE_685119136923","1061.092mil","-1027.045mil","1061.092mil","-1059.525mil","1202.825mil","-917.793mil","T","0.00","685119136923"
"C71","0402","2235.329mil","-120.998mil","2235.329mil","-120.998mil","2235.329mil","-139.896mil","T","90.00","100n"
"M1","jetson-nano-connector","1900.344mil","518.191mil","3151.329mil","-979.841mil","3213.337mil","835.12mil","T","180.00","2309413-1"
"R131","0402","1471.193mil","-643.427mil","1471.193mil","-643.427mil","1471.193mil","-624.529mil","T","270.00","10k"
"J8","MDT580M01001","3142.638mil","-6.417mil","3142.638mil","-6.417mil","3291.26mil","-370.591mil","B","90.00","MDT580M01001"
"SP7","M2.5-4mm","0mil","0mil","0mil","0mil","0mil","0mil","B","180.00","9774040151"
"J10","WE_68711014522_MFG","775.984mil","759.842mil","775.984mil","822.835mil","687.402mil","722.441mil","B","360.00","68711014522"
"T6","SC70-3","690.593mil","-208.694mil","690.594mil","-208.694mil","665.003mil","-246.095mil","T","90.00","BSS138PW,115"

